{"is_source_file": false, "format": "", "description": "", "external_files": [], "external_methods": [], "published": [], "classes": [], "methods": [], "calls": [], "search-terms": [], "state": 2, "file_id": 1, "knowledge_revision": 42, "git_revision": "d57e1fdec0d1991de9a348a3131b558ae3bd9995", "hash": "34f1684caac7c88bf26753514896fac7", "format-version": 4, "code-base-name": "tennis_swing_frontend", "filename": "README.md", "revision_history": [{"42": "d57e1fdec0d1991de9a348a3131b558ae3bd9995"}]}