{"is_source_file": false, "format": "", "description": "", "external_files": [], "external_methods": [], "published": [], "classes": [], "methods": [], "calls": [], "search-terms": [], "state": 2, "file_id": 1, "knowledge_revision": 23, "git_revision": "f94716d56bf0a3b9f658da9617839b420a4631ae", "hash": "af44b47d223746fc79b119208183e819", "format-version": 4, "code-base-name": "tennis_swing_frontend", "filename": "README.md", "revision_history": [{"23": "f94716d56bf0a3b9f658da9617839b420a4631ae"}]}