{"is_source_file": true, "file_id": 14, "git_revision": "", "state": 1, "description": "", "external_files": [], "external_methods": [], "published": [], "classes": [], "methods": [], "calls": [], "search-terms": [], "ctags": [{"_type": "tag", "name": "DEFAULT_ANALYZE_PATH", "path": "/home/kavia/workspace/code-generation/tennis-swing-analyzer-230663-230672/tennis_swing_frontend/src/api/client.js", "pattern": "/^const DEFAULT_ANALYZE_PATH = \"\\/analyze\";$/", "language": "JavaScript", "kind": "constant"}, {"_type": "tag", "name": "analyzeVideoFile", "path": "/home/kavia/workspace/code-generation/tennis-swing-analyzer-230663-230672/tennis_swing_frontend/src/api/client.js", "pattern": "/^export async function analyzeVideoFile(file, { signal } = {}) {$/", "language": "JavaScript", "kind": "function", "signature": "(file, { signal } = {})"}, {"_type": "tag", "name": "backhand", "path": "/home/kavia/workspace/code-generation/tennis-swing-analyzer-230663-230672/tennis_swing_frontend/src/api/client.js", "pattern": "/^    backhand: \"Nice unit turn. Try to finish higher to improve depth and control.\",$/", "language": "JavaScript", "kind": "property", "scope": "demoAnalyzeVideoFile.feedbackOptions", "scopeKind": "class"}, {"_type": "tag", "name": "coerceNumber", "path": "/home/kavia/workspace/code-generation/tennis-swing-analyzer-230663-230672/tennis_swing_frontend/src/api/client.js", "pattern": "/^function coerceNumber(value) {$/", "language": "JavaScript", "kind": "function", "signature": "(value)"}, {"_type": "tag", "name": "demoAnalyzeVideoFile", "path": "/home/kavia/workspace/code-generation/tennis-swing-analyzer-230663-230672/tennis_swing_frontend/src/api/client.js", "pattern": "/^export function demoAnalyzeVideoFile(file) {$/", "language": "JavaScript", "kind": "function", "signature": "(file)"}, {"_type": "tag", "name": "feedbackOptions", "path": "/home/kavia/workspace/code-generation/tennis-swing-analyzer-230663-230672/tennis_swing_frontend/src/api/client.js", "pattern": "/^  const feedbackOptions = {$/", "language": "JavaScript", "kind": "class", "scope": "demoAnalyzeVideoFile", "scopeKind": "class"}, {"_type": "tag", "name": "forehand", "path": "/home/kavia/workspace/code-generation/tennis-swing-analyzer-230663-230672/tennis_swing_frontend/src/api/client.js", "pattern": "/^    forehand: \"Good shoulder rotation. Keep your wrist stable through contact for cleaner topspi/", "language": "JavaScript", "kind": "property", "scope": "demoAnalyzeVideoFile.feedbackOptions", "scopeKind": "class"}, {"_type": "tag", "name": "getApiBaseUrl", "path": "/home/kavia/workspace/code-generation/tennis-swing-analyzer-230663-230672/tennis_swing_frontend/src/api/client.js", "pattern": "/^export function getApiBaseUrl() {$/", "language": "JavaScript", "kind": "function", "signature": "()"}, {"_type": "tag", "name": "hashStringToInt", "path": "/home/kavia/workspace/code-generation/tennis-swing-analyzer-230663-230672/tennis_swing_frontend/src/api/client.js", "pattern": "/^function hashStringToInt(str) {$/", "language": "JavaScript", "kind": "function", "signature": "(str)"}, {"_type": "tag", "name": "neutral", "path": "/home/kavia/workspace/code-generation/tennis-swing-analyzer-230663-230672/tennis_swing_frontend/src/api/client.js", "pattern": "/^    neutral: \"Balanced swing path. Focus on timing and consistent contact point.\",$/", "language": "JavaScript", "kind": "property", "scope": "demoAnalyzeVideoFile.feedbackOptions", "scopeKind": "class"}, {"_type": "tag", "name": "normalizeAnalysisResponse", "path": "/home/kavia/workspace/code-generation/tennis-swing-analyzer-230663-230672/tennis_swing_frontend/src/api/client.js", "pattern": "/^export function normalizeAnalysisResponse(payload) {$/", "language": "JavaScript", "kind": "function", "signature": "(payload)"}, {"_type": "tag", "name": "normalizeDirection", "path": "/home/kavia/workspace/code-generation/tennis-swing-analyzer-230663-230672/tennis_swing_frontend/src/api/client.js", "pattern": "/^function normalizeDirection(raw) {$/", "language": "JavaScript", "kind": "function", "signature": "(raw)"}, {"_type": "tag", "name": "pickFirst", "path": "/home/kavia/workspace/code-generation/tennis-swing-analyzer-230663-230672/tennis_swing_frontend/src/api/client.js", "pattern": "/^function pickFirst(obj, keys) {$/", "language": "JavaScript", "kind": "function", "signature": "(obj, keys)"}], "format": "JavaScript", "hash": "d5c4535d87b571fe6ae1835c77f73384", "format-version": 4, "code-base-name": "tennis_swing_frontend", "filename": "tennis_swing_frontend/src/api/client.js", "knowledge_revision": 29}