{"is_source_file": true, "format": "JavaScript (React JSX)", "description": "This file defines a React functional component called 'Navbar' that renders the top navigation bar of the Tennis Swing Analyzer application. It displays the application title, subtitle, and the current mode indicator (either 'Backend' or 'Demo') with styling based on the mode.", "external_files": ["./Navbar.module.css"], "external_methods": [], "published": ["Navbar"], "classes": [], "methods": [{"name": "Navbar({ mode })", "description": "React functional component rendering the top navigation bar with app title, subtitle, and mode indicator based on the mode prop.", "scope": "", "scopeKind": ""}], "calls": ["React", "styles.nav", "styles.inner", "styles.brand", "styles.logoMark", "styles.titleBlock", "styles.title", "styles.subtitle", "styles.right", "styles.modeLabel", "styles.pill", "styles.pillPrimary", "styles.pillAmber"], "search-terms": ["Navbar", "React", "CSS modules", "mode indicator", "top navbar", "Tennis Swing Analyzer"], "state": 2, "file_id": 16, "knowledge_revision": 45, "git_revision": "d57e1fdec0d1991de9a348a3131b558ae3bd9995", "ctags": [{"_type": "tag", "name": "Active mode: ${mode === \"backend\" ? \"Backend\" : \"Demo\"}", "path": "/home/kavia/workspace/code-generation/tennis-swing-analyzer-230663-230672/tennis_swing_frontend/src/components/Navbar.js", "pattern": "/^            aria-label={`Active mode: ${mode === \"backend\" ? \"Backend\" : \"Demo\"}`}$/", "language": "JavaScript", "kind": "field", "scope": "Navbar.aria", "scopeKind": "class"}, {"_type": "tag", "name": "Navbar", "path": "/home/kavia/workspace/code-generation/tennis-swing-analyzer-230663-230672/tennis_swing_frontend/src/components/Navbar.js", "pattern": "/^export default function Navbar({ mode }) {$/", "language": "JavaScript", "kind": "function", "signature": "({ mode })"}, {"_type": "tag", "name": "mode", "path": "/home/kavia/workspace/code-generation/tennis-swing-analyzer-230663-230672/tennis_swing_frontend/src/components/Navbar.js", "pattern": "/^              mode === \"backend\"$/", "language": "JavaScript", "kind": "property", "scope": "Navbar.title", "scopeKind": "class"}, {"_type": "tag", "name": "pillAmber }", "path": "/home/kavia/workspace/code-generation/tennis-swing-analyzer-230663-230672/tennis_swing_frontend/src/components/Navbar.js", "pattern": "/^            }`}$/", "language": "JavaScript", "kind": "field", "scope": "Navbar.className.${styles.pill} ${ mode === \"backend\" ? styles.pillPrimary : styles", "scopeKind": "class"}, {"_type": "tag", "name": "styles", "path": "/home/kavia/workspace/code-generation/tennis-swing-analyzer-230663-230672/tennis_swing_frontend/src/components/Navbar.js", "pattern": "/^    <header className={styles.nav} role=\"banner\">$/", "language": "JavaScript", "kind": "field", "scope": "Navbar.AnonymousClass79f6f8e90101", "scopeKind": "class"}, {"_type": "tag", "name": "title", "path": "/home/kavia/workspace/code-generation/tennis-swing-analyzer-230663-230672/tennis_swing_frontend/src/components/Navbar.js", "pattern": "/^            title={$/", "language": "JavaScript", "kind": "class", "scope": "Navbar", "scopeKind": "class"}], "hash": "c0c8b483bdc98e02dc44e685fb30d06e", "format-version": 4, "code-base-name": "tennis_swing_frontend", "filename": "tennis_swing_frontend/src/components/Navbar.js", "fields": [{"name": "aria-label={`Active mode: ${mode === \"backend\" ? \"Backend\" : \"Demo\"}`}", "scope": "Navbar.aria", "scopeKind": "class", "description": "unavailable"}, {"name": "mode === \"backend\"", "scope": "Navbar.title", "scopeKind": "class", "description": "unavailable"}, {"name": "}`}", "scope": "Navbar.className.${styles.pill} ${ mode === \"backend\" ? styles.pillPrimary : styles", "scopeKind": "class", "description": "unavailable"}, {"name": "<header className={styles.nav} role=\"banner\">", "scope": "Navbar.AnonymousClass79f6f8e90101", "scopeKind": "class", "description": "unavailable"}], "revision_history": [{"45": "d57e1fdec0d1991de9a348a3131b558ae3bd9995"}]}