{"is_source_file": true, "format": "JavaScript (React)", "description": "This file defines a React functional component 'VideoPreview' that renders a lightweight preview of a selected local video file, managing URL creation and revocation for the video object.", "external_files": ["./VideoPreview.module.css"], "external_methods": ["URL.createObjectURL", "URL.revokeObjectURL"], "published": ["default"], "classes": [], "methods": [{"name": "VideoPreview({ file })", "description": "React component rendering a video preview for a given file.", "scope": "", "scopeKind": ""}], "calls": ["React.useMemo", "React.useEffect", "URL.createObjectURL", "URL.revokeObjectURL"], "search-terms": ["VideoPreview", "react video component", "local file preview", "useMemo", "useEffect", "URL.createObjectURL"], "state": 2, "file_id": 18, "knowledge_revision": 47, "git_revision": "d57e1fdec0d1991de9a348a3131b558ae3bd9995", "ctags": [{"_type": "tag", "name": "VideoPreview", "path": "/home/kavia/workspace/code-generation/tennis-swing-analyzer-230663-230672/tennis_swing_frontend/src/components/VideoPreview.js", "pattern": "/^export default function VideoPreview({ file }) {$/", "language": "JavaScript", "kind": "function", "signature": "({ file })"}, {"_type": "tag", "name": "styles", "path": "/home/kavia/workspace/code-generation/tennis-swing-analyzer-230663-230672/tennis_swing_frontend/src/components/VideoPreview.js", "pattern": "/^    <div className={styles.wrap} aria-label=\"Selected video preview\">$/", "language": "JavaScript", "kind": "field", "scope": "VideoPreview.AnonymousClass002c88e80101", "scopeKind": "class"}], "hash": "51c129932b1d976d3f0f23e7e1445aa8", "format-version": 4, "code-base-name": "tennis_swing_frontend", "filename": "tennis_swing_frontend/src/components/VideoPreview.js", "fields": [{"name": "<div className={styles.wrap} aria-label=\"Selected video preview\">", "scope": "VideoPreview.AnonymousClass002c88e80101", "scopeKind": "class", "description": "unavailable"}], "revision_history": [{"47": "d57e1fdec0d1991de9a348a3131b558ae3bd9995"}]}