{"is_source_file": true, "format": "JavaScript", "description": "This file is a JavaScript module that provides an API client for the Tennis Swing Analyzer frontend. It includes functions for retrieving the backend URL, normalizing responses, uploading video files for analysis, and generating demo analysis data.", "external_files": ["fetch", "FormData"], "external_methods": ["fetch", "FormData"], "published": ["getApiBaseUrl", "normalizeAnalysisResponse", "analyzeVideoFile", "demoAnalyzeVideoFile"], "classes": [], "methods": [{"name": "getApiBaseUrl()", "description": "Resolves backend base URL from environment variables, normalizing by removing trailing slashes.", "scope": "", "scopeKind": ""}, {"name": "normalizeAnalysisResponse(payload)", "description": "Normalizes backend response JSON, extracting swing analysis data with flexible key handling.", "scope": "", "scopeKind": ""}, {"name": "analyzeVideoFile(file, { signal } = {})", "description": "Uploads a video file to the backend /analyze endpoint and returns normalized analysis results.", "scope": "", "scopeKind": ""}, {"name": "demoAnalyzeVideoFile(file)", "description": "Provides a deterministic demo analysis based on filename, simulating backend response.", "scope": "", "scopeKind": ""}, {"name": "coerceNumber(value)", "scope": "", "scopeKind": "", "description": "unavailable"}, {"name": "hashStringToInt(str)", "scope": "", "scopeKind": "", "description": "unavailable"}, {"name": "normalizeDirection(raw)", "scope": "", "scopeKind": "", "description": "unavailable"}, {"name": "pickFirst(obj, keys)", "scope": "", "scopeKind": "", "description": "unavailable"}], "calls": ["fetch", "getApiBaseUrl", "normalizeAnalysisResponse", "hashStringToInt"], "search-terms": ["client.js", "analyzeVideoFile", "normalizeAnalysisResponse", "demoAnalyzeVideoFile", "API client", "Tennis Swing Analyzer"], "state": 2, "file_id": 14, "knowledge_revision": 43, "git_revision": "d57e1fdec0d1991de9a348a3131b558ae3bd9995", "ctags": [{"_type": "tag", "name": "DEFAULT_ANALYZE_PATH", "path": "/home/kavia/workspace/code-generation/tennis-swing-analyzer-230663-230672/tennis_swing_frontend/src/api/client.js", "pattern": "/^const DEFAULT_ANALYZE_PATH = \"\\/analyze\";$/", "language": "JavaScript", "kind": "constant"}, {"_type": "tag", "name": "analyzeVideoFile", "path": "/home/kavia/workspace/code-generation/tennis-swing-analyzer-230663-230672/tennis_swing_frontend/src/api/client.js", "pattern": "/^export async function analyzeVideoFile(file, { signal } = {}) {$/", "language": "JavaScript", "kind": "function", "signature": "(file, { signal } = {})"}, {"_type": "tag", "name": "backhand", "path": "/home/kavia/workspace/code-generation/tennis-swing-analyzer-230663-230672/tennis_swing_frontend/src/api/client.js", "pattern": "/^    backhand: \"Nice unit turn. Try to finish higher to improve depth and control.\",$/", "language": "JavaScript", "kind": "property", "scope": "demoAnalyzeVideoFile.feedbackOptions", "scopeKind": "class"}, {"_type": "tag", "name": "coerceNumber", "path": "/home/kavia/workspace/code-generation/tennis-swing-analyzer-230663-230672/tennis_swing_frontend/src/api/client.js", "pattern": "/^function coerceNumber(value) {$/", "language": "JavaScript", "kind": "function", "signature": "(value)"}, {"_type": "tag", "name": "demoAnalyzeVideoFile", "path": "/home/kavia/workspace/code-generation/tennis-swing-analyzer-230663-230672/tennis_swing_frontend/src/api/client.js", "pattern": "/^export function demoAnalyzeVideoFile(file) {$/", "language": "JavaScript", "kind": "function", "signature": "(file)"}, {"_type": "tag", "name": "feedbackOptions", "path": "/home/kavia/workspace/code-generation/tennis-swing-analyzer-230663-230672/tennis_swing_frontend/src/api/client.js", "pattern": "/^  const feedbackOptions = {$/", "language": "JavaScript", "kind": "class", "scope": "demoAnalyzeVideoFile", "scopeKind": "class"}, {"_type": "tag", "name": "forehand", "path": "/home/kavia/workspace/code-generation/tennis-swing-analyzer-230663-230672/tennis_swing_frontend/src/api/client.js", "pattern": "/^    forehand: \"Good shoulder rotation. Keep your wrist stable through contact for cleaner topspi/", "language": "JavaScript", "kind": "property", "scope": "demoAnalyzeVideoFile.feedbackOptions", "scopeKind": "class"}, {"_type": "tag", "name": "getApiBaseUrl", "path": "/home/kavia/workspace/code-generation/tennis-swing-analyzer-230663-230672/tennis_swing_frontend/src/api/client.js", "pattern": "/^export function getApiBaseUrl() {$/", "language": "JavaScript", "kind": "function", "signature": "()"}, {"_type": "tag", "name": "hashStringToInt", "path": "/home/kavia/workspace/code-generation/tennis-swing-analyzer-230663-230672/tennis_swing_frontend/src/api/client.js", "pattern": "/^function hashStringToInt(str) {$/", "language": "JavaScript", "kind": "function", "signature": "(str)"}, {"_type": "tag", "name": "neutral", "path": "/home/kavia/workspace/code-generation/tennis-swing-analyzer-230663-230672/tennis_swing_frontend/src/api/client.js", "pattern": "/^    neutral: \"Balanced swing path. Focus on timing and consistent contact point.\",$/", "language": "JavaScript", "kind": "property", "scope": "demoAnalyzeVideoFile.feedbackOptions", "scopeKind": "class"}, {"_type": "tag", "name": "normalizeAnalysisResponse", "path": "/home/kavia/workspace/code-generation/tennis-swing-analyzer-230663-230672/tennis_swing_frontend/src/api/client.js", "pattern": "/^export function normalizeAnalysisResponse(payload) {$/", "language": "JavaScript", "kind": "function", "signature": "(payload)"}, {"_type": "tag", "name": "normalizeDirection", "path": "/home/kavia/workspace/code-generation/tennis-swing-analyzer-230663-230672/tennis_swing_frontend/src/api/client.js", "pattern": "/^function normalizeDirection(raw) {$/", "language": "JavaScript", "kind": "function", "signature": "(raw)"}, {"_type": "tag", "name": "pickFirst", "path": "/home/kavia/workspace/code-generation/tennis-swing-analyzer-230663-230672/tennis_swing_frontend/src/api/client.js", "pattern": "/^function pickFirst(obj, keys) {$/", "language": "JavaScript", "kind": "function", "signature": "(obj, keys)"}], "hash": "d5c4535d87b571fe6ae1835c77f73384", "format-version": 4, "code-base-name": "tennis_swing_frontend", "filename": "tennis_swing_frontend/src/api/client.js", "fields": [{"name": "backhand: \"Nice unit turn. Try to finish higher to improve depth and control.\",", "scope": "demoAnalyzeVideoFile.feedbackOptions", "scopeKind": "class", "description": "unavailable"}, {"name": "forehand: \"Good shoulder rotation. Keep your wrist stable through contact for cleaner topspi/", "scope": "demoAnalyzeVideoFile.feedbackOptions", "scopeKind": "class", "description": "unavailable"}, {"name": "neutral: \"Balanced swing path. Focus on timing and consistent contact point.\",", "scope": "demoAnalyzeVideoFile.feedbackOptions", "scopeKind": "class", "description": "unavailable"}], "revision_history": [{"43": "d57e1fdec0d1991de9a348a3131b558ae3bd9995"}]}