{"is_source_file": true, "format": "JavaScript (React JSX)", "description": "This file defines a React functional component 'App' that manages a light/dark theme toggle and renders a UI with a button, logo, and links. It primarily handles UI state and DOM side effects.", "external_files": ["./logo.svg", "./App.css"], "external_methods": ["React.useState", "React.useEffect"], "published": ["App"], "classes": [], "methods": [{"name": "App()", "description": "React functional component that sets up theme toggling and renders the application UI.", "scope": "", "scopeKind": ""}, {"name": "toggleTheme", "description": "Function to switch the theme state between 'light' and 'dark'."}], "calls": ["React.useState", "React.useEffect", "document.documentElement.setAttribute", "setTheme", "prevTheme => prevTheme === 'light' ? 'dark' : 'light'"], "search-terms": ["React functional component", "theme toggle", "useState", "useEffect", "light/dark mode", "App JSX"], "state": 2, "file_id": 9, "knowledge_revision": 25, "git_revision": "c23dacc2e5c3465c5ef6fd024de0a19d5ea61ae4", "ctags": [{"_type": "tag", "name": "App", "path": "/home/kavia/workspace/code-generation/tennis-swing-analyzer-230663-230672/tennis_swing_frontend/src/App.js", "pattern": "/^function App() {$/", "language": "JavaScript", "kind": "function", "signature": "()"}, {"_type": "tag", "name": "Switch to ${theme === 'light' ? 'dark' : 'light'} mode", "path": "/home/kavia/workspace/code-generation/tennis-swing-analyzer-230663-230672/tennis_swing_frontend/src/App.js", "pattern": "/^          aria-label={`Switch to ${theme === 'light' ? 'dark' : 'light'} mode`}$/", "language": "JavaScript", "kind": "field", "scope": "App.aria", "scopeKind": "class"}, {"_type": "tag", "name": "toggleTheme", "path": "/home/kavia/workspace/code-generation/tennis-swing-analyzer-230663-230672/tennis_swing_frontend/src/App.js", "pattern": "/^          onClick={toggleTheme}$/", "language": "JavaScript", "kind": "field", "scope": "App.onClick", "scopeKind": "class"}], "hash": "b55dd9e6a018e59207d8e277dffd9e11", "format-version": 4, "code-base-name": "tennis_swing_frontend", "filename": "tennis_swing_frontend/src/App.js", "fields": [{"name": "aria-label={`Switch to ${theme === 'light' ? 'dark' : 'light'} mode`}", "scope": "App.aria", "scopeKind": "class", "description": "unavailable"}, {"name": "onClick={toggleTheme}", "scope": "App.onClick", "scopeKind": "class", "description": "unavailable"}], "revision_history": [{"25": "c23dacc2e5c3465c5ef6fd024de0a19d5ea61ae4"}]}