{"is_source_file": true, "file_id": 15, "git_revision": "", "state": 1, "description": "", "external_files": [], "external_methods": [], "published": [], "classes": [], "methods": [], "calls": [], "search-terms": [], "ctags": [{"_type": "tag", "name": "formatAngle", "path": "/home/kavia/workspace/code-generation/tennis-swing-analyzer-230663-230672/tennis_swing_frontend/src/utils/format.js", "pattern": "/^export function formatAngle(angle) {$/", "language": "JavaScript", "kind": "function", "signature": "(angle)"}, {"_type": "tag", "name": "formatSpeed", "path": "/home/kavia/workspace/code-generation/tennis-swing-analyzer-230663-230672/tennis_swing_frontend/src/utils/format.js", "pattern": "/^export function formatSpeed(speed, unit = \"mph\") {$/", "language": "JavaScript", "kind": "function", "signature": "(speed, unit = \"mph\")"}, {"_type": "tag", "name": "humanFileSize", "path": "/home/kavia/workspace/code-generation/tennis-swing-analyzer-230663-230672/tennis_swing_frontend/src/utils/format.js", "pattern": "/^export function humanFileSize(bytes) {$/", "language": "JavaScript", "kind": "function", "signature": "(bytes)"}], "format": "JavaScript", "hash": "cc37bf4f9bc282dc2d61866bba90a899", "format-version": 4, "code-base-name": "tennis_swing_frontend", "filename": "tennis_swing_frontend/src/utils/format.js", "knowledge_revision": 30}