{"is_source_file": false, "format": "", "description": "", "external_files": [], "external_methods": [], "published": [], "classes": [], "methods": [], "calls": [], "search-terms": [], "state": 2, "file_id": 11, "knowledge_revision": 15, "git_revision": "c23dacc2e5c3465c5ef6fd024de0a19d5ea61ae4", "hash": "d9d975cebe2ec20b6c652e1e4c12ccf0", "format-version": 4, "code-base-name": "tennis_swing_frontend", "filename": "tennis_swing_frontend/public/manifest.json", "revision_history": [{"15": "c23dacc2e5c3465c5ef6fd024de0a19d5ea61ae4"}]}