{"is_source_file": true, "format": "JavaScript (React JSX)", "description": "This file defines the main React component for the frontend application, handling user interactions, state management, and integration with backend API for video analysis.", "external_files": ["./components/Navbar", "./components/UploadCard", "./components/ResultsPanel", "./api/client"], "external_methods": ["analyzeVideoFile", "demoAnalyzeVideoFile", "getApiBaseUrl"], "published": ["App"], "classes": [], "methods": [{"name": "App()", "description": "Main React component managing the app's state, user interactions, and rendering of child components.", "scope": "", "scopeKind": ""}], "calls": ["React.useState", "React.useCallback", "React.useEffect", "React.useMemo", "React.useRef", "analyzeVideoFile", "demoAnalyzeVideoFile", "getApiBaseUrl"], "search-terms": ["React main app component", "video analysis", "backend configuration", "demo mode", "file upload", "analysis process", "API interaction", "React hooks"], "state": 2, "file_id": 9, "knowledge_revision": 40, "git_revision": "d57e1fdec0d1991de9a348a3131b558ae3bd9995", "revision_history": [{"25": "c23dacc2e5c3465c5ef6fd024de0a19d5ea61ae4"}, {"40": "d57e1fdec0d1991de9a348a3131b558ae3bd9995"}], "ctags": [{"_type": "tag", "name": "App", "path": "/home/kavia/workspace/code-generation/tennis-swing-analyzer-230663-230672/tennis_swing_frontend/src/App.js", "pattern": "/^function App() {$/", "language": "JavaScript", "kind": "function", "signature": "()"}, {"_type": "tag", "name": "SPEED_UNIT", "path": "/home/kavia/workspace/code-generation/tennis-swing-analyzer-230663-230672/tennis_swing_frontend/src/App.js", "pattern": "/^const SPEED_UNIT = \"mph\";$/", "language": "JavaScript", "kind": "constant"}, {"_type": "tag", "name": "analyze", "path": "/home/kavia/workspace/code-generation/tennis-swing-analyzer-230663-230672/tennis_swing_frontend/src/App.js", "pattern": "/^          onAnalyze={analyze}$/", "language": "JavaScript", "kind": "field", "scope": "App.onAnalyze", "scopeKind": "class"}, {"_type": "tag", "name": "errorMsg", "path": "/home/kavia/workspace/code-generation/tennis-swing-analyzer-230663-230672/tennis_swing_frontend/src/App.js", "pattern": "/^          error={errorMsg}$/", "language": "JavaScript", "kind": "field", "scope": "App.error", "scopeKind": "class"}, {"_type": "tag", "name": "file", "path": "/home/kavia/workspace/code-generation/tennis-swing-analyzer-230663-230672/tennis_swing_frontend/src/App.js", "pattern": "/^          file={file}$/", "language": "JavaScript", "kind": "field", "scope": "App.file", "scopeKind": "class"}, {"_type": "tag", "name": "isLoading", "path": "/home/kavia/workspace/code-generation/tennis-swing-analyzer-230663-230672/tennis_swing_frontend/src/App.js", "pattern": "/^          isLoading={isLoading}$/", "language": "JavaScript", "kind": "field", "scope": "App.isLoading", "scopeKind": "class"}, {"_type": "tag", "name": "mode", "path": "/home/kavia/workspace/code-generation/tennis-swing-analyzer-230663-230672/tennis_swing_frontend/src/App.js", "pattern": "/^          mode={mode}$/", "language": "JavaScript", "kind": "field", "scope": "App.mode", "scopeKind": "class"}, {"_type": "tag", "name": "reset", "path": "/home/kavia/workspace/code-generation/tennis-swing-analyzer-230663-230672/tennis_swing_frontend/src/App.js", "pattern": "/^          onReset={reset}$/", "language": "JavaScript", "kind": "field", "scope": "App.onReset", "scopeKind": "class"}], "hash": "32f9dd73a02eb1f9d84475f96884a3c5", "format-version": 4, "code-base-name": "tennis_swing_frontend", "filename": "tennis_swing_frontend/src/App.js", "fields": [{"name": "onAnalyze={analyze}", "scope": "App.onAnalyze", "scopeKind": "class", "description": "unavailable"}, {"name": "error={errorMsg}", "scope": "App.error", "scopeKind": "class", "description": "unavailable"}, {"name": "file={file}", "scope": "App.file", "scopeKind": "class", "description": "unavailable"}, {"name": "isLoading={isLoading}", "scope": "App.isLoading", "scopeKind": "class", "description": "unavailable"}, {"name": "mode={mode}", "scope": "App.mode", "scopeKind": "class", "description": "unavailable"}, {"name": "onReset={reset}", "scope": "App.onReset", "scopeKind": "class", "description": "unavailable"}]}