{"is_source_file": true, "format": "JavaScript (React JSX)", "description": "React component for displaying tennis swing analysis results, including loading, error, and result states with badges and feedback.", "external_files": ["./ResultsPanel.module.css", "../utils/format"], "external_methods": ["formatAngle", "formatSpeed"], "published": ["ResultsPanel"], "classes": [], "methods": [{"name": "Badge({ label, value, tone = \"primary\" })", "description": "Functional component to display a labeled badge with a specific tone.", "scope": "", "scopeKind": ""}, {"name": "ResultsPanel({ result, error, isLoading, speedUnit = \"mph\" })", "description": "Main React component to display analysis results, loading state, or errors based on props.", "scope": "", "scopeKind": ""}], "calls": ["formatAngle", "formatSpeed"], "search-terms": ["ResultsPanel", "React component", "analysis results", "tennis swing", "status display"], "state": 2, "file_id": 20, "knowledge_revision": 49, "git_revision": "d57e1fdec0d1991de9a348a3131b558ae3bd9995", "ctags": [{"_type": "tag", "name": "Badge", "path": "/home/kavia/workspace/code-generation/tennis-swing-analyzer-230663-230672/tennis_swing_frontend/src/components/ResultsPanel.js", "pattern": "/^function Badge({ label, value, tone = \"primary\" }) {$/", "language": "JavaScript", "kind": "function", "signature": "({ label, value, tone = \"primary\" })"}, {"_type": "tag", "name": "ResultsPanel", "path": "/home/kavia/workspace/code-generation/tennis-swing-analyzer-230663-230672/tennis_swing_frontend/src/components/ResultsPanel.js", "pattern": "/^export default function ResultsPanel({ result, error, isLoading, speedUnit = \"mph\" }) {$/", "language": "JavaScript", "kind": "function", "signature": "({ result, error, isLoading, speedUnit = \"mph\" })"}, {"_type": "tag", "name": "badge} ${styles[`tone_${tone}`]}", "path": "/home/kavia/workspace/code-generation/tennis-swing-analyzer-230663-230672/tennis_swing_frontend/src/components/ResultsPanel.js", "pattern": "/^    <div className={`${styles.badge} ${styles[`tone_${tone}`]}`}>$/", "language": "JavaScript", "kind": "field", "scope": "Badge.AnonymousClass0b6e5a910101.${styles", "scopeKind": "class"}, {"_type": "tag", "name": "isLoading", "path": "/home/kavia/workspace/code-generation/tennis-swing-analyzer-230663-230672/tennis_swing_frontend/src/components/ResultsPanel.js", "pattern": "/^        aria-busy={isLoading ? \"true\" : \"false\"}$/", "language": "JavaScript", "kind": "field", "scope": "aria", "scopeKind": "class"}, {"_type": "tag", "name": "styles", "path": "/home/kavia/workspace/code-generation/tennis-swing-analyzer-230663-230672/tennis_swing_frontend/src/components/ResultsPanel.js", "pattern": "/^        className={styles.panel}$/", "language": "JavaScript", "kind": "field", "scope": "className", "scopeKind": "class"}, {"_type": "tag", "name": "styles", "path": "/home/kavia/workspace/code-generation/tennis-swing-analyzer-230663-230672/tennis_swing_frontend/src/components/ResultsPanel.js", "pattern": "/^    <section className={styles.section} aria-labelledby=\"results-title\">$/", "language": "JavaScript", "kind": "field", "scope": "ResultsPanel.AnonymousClass0b6e5a910201", "scopeKind": "class"}], "hash": "13be732fde72e1c02021056c4e71500e", "format-version": 4, "code-base-name": "tennis_swing_frontend", "filename": "tennis_swing_frontend/src/components/ResultsPanel.js", "fields": [{"name": "<div className={`${styles.badge} ${styles[`tone_${tone}`]}`}>", "scope": "Badge.AnonymousClass0b6e5a910101.${styles", "scopeKind": "class", "description": "unavailable"}, {"name": "aria-busy={isLoading ? \"true\" : \"false\"}", "scope": "aria", "scopeKind": "class", "description": "unavailable"}, {"name": "className={styles.panel}", "scope": "className", "scopeKind": "class", "description": "unavailable"}, {"name": "<section className={styles.section} aria-labelledby=\"results-title\">", "scope": "ResultsPanel.AnonymousClass0b6e5a910201", "scopeKind": "class", "description": "unavailable"}], "revision_history": [{"49": "d57e1fdec0d1991de9a348a3131b558ae3bd9995"}]}