{"is_source_file": false, "format": "", "description": "", "external_files": [], "external_methods": [], "published": [], "classes": [], "methods": [], "calls": [], "search-terms": [], "state": 2, "file_id": 10, "knowledge_revision": 20, "git_revision": "c23dacc2e5c3465c5ef6fd024de0a19d5ea61ae4", "hash": "d2b40d02d5f7873d8a6713bad837edd4", "format-version": 4, "code-base-name": "tennis_swing_frontend", "filename": "tennis_swing_frontend/public/index.html", "revision_history": [{"20": "c23dacc2e5c3465c5ef6fd024de0a19d5ea61ae4"}]}