{"is_source_file": false, "format": "", "description": "", "external_files": [], "external_methods": [], "published": [], "classes": [], "methods": [], "calls": [], "search-terms": [], "state": 2, "file_id": 3, "knowledge_revision": 14, "git_revision": "c23dacc2e5c3465c5ef6fd024de0a19d5ea61ae4", "hash": "ebece526bc2eadd78ddd787a76c56607", "format-version": 4, "code-base-name": "tennis_swing_frontend", "filename": "tennis_swing_frontend/README.md", "revision_history": [{"14": "c23dacc2e5c3465c5ef6fd024de0a19d5ea61ae4"}]}