{"is_source_file": false, "format": "", "description": "", "external_files": [], "external_methods": [], "published": [], "classes": [], "methods": [], "calls": [], "search-terms": ["Navbar", "CSS module", "component styles", "sticky header", "layout"], "state": 2, "file_id": 17, "knowledge_revision": 46, "git_revision": "d57e1fdec0d1991de9a348a3131b558ae3bd9995", "hash": "2bc6644d5a55ab90d35d181b2171750b", "format-version": 4, "code-base-name": "tennis_swing_frontend", "filename": "tennis_swing_frontend/src/components/Navbar.module.css", "revision_history": [{"46": "d57e1fdec0d1991de9a348a3131b558ae3bd9995"}]}