{"is_source_file": true, "format": "JavaScript (React JSX)", "description": "This file defines a React component named 'UploadCard' that provides a user interface for uploading video files (MP4/MOV), with drag-and-drop and file picker functionalities, including validation, error handling, and preview features.", "external_files": ["./VideoPreview", "../utils/format"], "external_methods": ["humanFileSize"], "published": [], "classes": [], "methods": [{"name": "isAcceptedFile(file)", "description": "Checks if the provided file is an accepted type and extension for upload.", "scope": "", "scopeKind": ""}, {"name": "UploadCard({ file, setFile, isLoading, onAnalyze, onReset, mode, error, })", "description": "Main React component handling the uploading UI, validation, and interaction logic.", "scope": "", "scopeKind": ""}, {"name": "validateAndSetFile(next)", "description": "Validates the selected file for type and size, and sets it or displays error.", "scope": "UploadCard", "scopeKind": "function"}, {"name": "onInputChange(e)", "description": "Handles file input change event, triggers validation.", "scope": "UploadCard", "scopeKind": "function"}, {"name": "openPicker()", "description": "Opens the file picker dialog.", "scope": "UploadCard", "scopeKind": "function"}, {"name": "handleDrop(e)", "description": "Handles the dropped file in drag-and-drop operation, triggers validation.", "scope": "UploadCard", "scopeKind": "function"}, {"name": "handleDragOver(e)", "description": "Handles drag over event to activate visual feedback.", "scope": "UploadCard", "scopeKind": "function"}, {"name": "handleDragLeave(e)", "description": "Handles drag leave event to deactivate visual feedback.", "scope": "UploadCard", "scopeKind": "function"}], "calls": ["setFile", "setLocalError", "humanFileSize", "useId", "useRef", "useState", "useMemo"], "search-terms": ["UploadCard", "drag-and-drop", "video upload", "React file input", "validation", "video preview", "MP4 MOV"], "state": 2, "file_id": 22, "knowledge_revision": 51, "git_revision": "d57e1fdec0d1991de9a348a3131b558ae3bd9995", "ctags": [{"_type": "tag", "name": "0", "path": "/home/kavia/workspace/code-generation/tennis-swing-analyzer-230663-230672/tennis_swing_frontend/src/components/UploadCard.js", "pattern": "/^          tabIndex={0}$/", "language": "JavaScript", "kind": "field", "scope": "UploadCard.tabIndex", "scopeKind": "class"}, {"_type": "tag", "name": "ACCEPTED_EXT", "path": "/home/kavia/workspace/code-generation/tennis-swing-analyzer-230663-230672/tennis_swing_frontend/src/components/UploadCard.js", "pattern": "/^const ACCEPTED_EXT = [\".mp4\", \".mov\"];$/", "language": "JavaScript", "kind": "constant"}, {"_type": "tag", "name": "ACCEPTED_TYPES", "path": "/home/kavia/workspace/code-generation/tennis-swing-analyzer-230663-230672/tennis_swing_frontend/src/components/UploadCard.js", "pattern": "/^const ACCEPTED_TYPES = [\"video\\/mp4\", \"video\\/quicktime\"]; \\/\\/ mp4, mov$/", "language": "JavaScript", "kind": "constant"}, {"_type": "tag", "name": "MAX_BYTES", "path": "/home/kavia/workspace/code-generation/tennis-swing-analyzer-230663-230672/tennis_swing_frontend/src/components/UploadCard.js", "pattern": "/^const MAX_BYTES = 200 * 1024 * 1024; \\/\\/ ~200MB$/", "language": "JavaScript", "kind": "constant"}, {"_type": "tag", "name": "UploadCard", "path": "/home/kavia/workspace/code-generation/tennis-swing-analyzer-230663-230672/tennis_swing_frontend/src/components/UploadCard.js", "pattern": "/^export default function UploadCard({$/", "language": "JavaScript", "kind": "function", "signature": "({ file, setFile, isLoading, onAnalyze, onReset, mode, error, })"}, {"_type": "tag", "name": "acceptAttr", "path": "/home/kavia/workspace/code-generation/tennis-swing-analyzer-230663-230672/tennis_swing_frontend/src/components/UploadCard.js", "pattern": "/^            accept={acceptAttr}$/", "language": "JavaScript", "kind": "field", "scope": "accept", "scopeKind": "class"}, {"_type": "tag", "name": "dropzoneActive : \"\"}", "path": "/home/kavia/workspace/code-generation/tennis-swing-analyzer-230663-230672/tennis_swing_frontend/src/components/UploadCard.js", "pattern": "/^          className={`${styles.dropzone} ${dragActive ? styles.dropzoneActive : \"\"}`}$/", "language": "JavaScript", "kind": "field", "scope": "UploadCard.className.${styles.dropzone} ${dragActive ? styles", "scopeKind": "class"}, {"_type": "tag", "name": "handleDragLeave", "path": "/home/kavia/workspace/code-generation/tennis-swing-analyzer-230663-230672/tennis_swing_frontend/src/components/UploadCard.js", "pattern": "/^          onDragLeave={handleDragLeave}$/", "language": "JavaScript", "kind": "field", "scope": "UploadCard.onDragLeave", "scopeKind": "class"}, {"_type": "tag", "name": "handleDragLeave", "path": "/home/kavia/workspace/code-generation/tennis-swing-analyzer-230663-230672/tennis_swing_frontend/src/components/UploadCard.js", "pattern": "/^  function handleDragLeave(e) {$/", "language": "JavaScript", "kind": "function", "signature": "(e)", "scope": "UploadCard", "scopeKind": "function"}, {"_type": "tag", "name": "handleDragOver", "path": "/home/kavia/workspace/code-generation/tennis-swing-analyzer-230663-230672/tennis_swing_frontend/src/components/UploadCard.js", "pattern": "/^          onDragOver={handleDragOver}$/", "language": "JavaScript", "kind": "field", "scope": "UploadCard.onDragOver", "scopeKind": "class"}, {"_type": "tag", "name": "handleDragOver", "path": "/home/kavia/workspace/code-generation/tennis-swing-analyzer-230663-230672/tennis_swing_frontend/src/components/UploadCard.js", "pattern": "/^  function handleDragOver(e) {$/", "language": "JavaScript", "kind": "function", "signature": "(e)", "scope": "UploadCard", "scopeKind": "function"}, {"_type": "tag", "name": "handleDrop", "path": "/home/kavia/workspace/code-generation/tennis-swing-analyzer-230663-230672/tennis_swing_frontend/src/components/UploadCard.js", "pattern": "/^          onDrop={handleDrop}$/", "language": "JavaScript", "kind": "field", "scope": "UploadCard.onDrop", "scopeKind": "class"}, {"_type": "tag", "name": "handleDrop", "path": "/home/kavia/workspace/code-generation/tennis-swing-analyzer-230663-230672/tennis_swing_frontend/src/components/UploadCard.js", "pattern": "/^  function handleDrop(e) {$/", "language": "JavaScript", "kind": "function", "signature": "(e)", "scope": "UploadCard", "scopeKind": "function"}, {"_type": "tag", "name": "inputId", "path": "/home/kavia/workspace/code-generation/tennis-swing-analyzer-230663-230672/tennis_swing_frontend/src/components/UploadCard.js", "pattern": "/^            id={inputId}$/", "language": "JavaScript", "kind": "field", "scope": "id", "scopeKind": "class"}, {"_type": "tag", "name": "inputRef", "path": "/home/kavia/workspace/code-generation/tennis-swing-analyzer-230663-230672/tennis_swing_frontend/src/components/UploadCard.js", "pattern": "/^            ref={inputRef}$/", "language": "JavaScript", "kind": "field", "scope": "ref", "scopeKind": "class"}, {"_type": "tag", "name": "isAcceptedFile", "path": "/home/kavia/workspace/code-generation/tennis-swing-analyzer-230663-230672/tennis_swing_frontend/src/components/UploadCard.js", "pattern": "/^function isAcceptedFile(file) {$/", "language": "JavaScript", "kind": "function", "signature": "(file)"}, {"_type": "tag", "name": "onAnalyze", "path": "/home/kavia/workspace/code-generation/tennis-swing-analyzer-230663-230672/tennis_swing_frontend/src/components/UploadCard.js", "pattern": "/^            onClick={onAnalyze}$/", "language": "JavaScript", "kind": "field", "scope": "onClick", "scopeKind": "class"}, {"_type": "tag", "name": "onInputChange", "path": "/home/kavia/workspace/code-generation/tennis-swing-analyzer-230663-230672/tennis_swing_frontend/src/components/UploadCard.js", "pattern": "/^            onChange={onInputChange}$/", "language": "JavaScript", "kind": "field", "scope": "onChange", "scopeKind": "class"}, {"_type": "tag", "name": "onInputChange", "path": "/home/kavia/workspace/code-generation/tennis-swing-analyzer-230663-230672/tennis_swing_frontend/src/components/UploadCard.js", "pattern": "/^  function onInputChange(e) {$/", "language": "JavaScript", "kind": "function", "signature": "(e)", "scope": "UploadCard", "scopeKind": "function"}, {"_type": "tag", "name": "openPicker", "path": "/home/kavia/workspace/code-generation/tennis-swing-analyzer-230663-230672/tennis_swing_frontend/src/components/UploadCard.js", "pattern": "/^          onClick={openPicker}$/", "language": "JavaScript", "kind": "field", "scope": "UploadCard.onClick", "scopeKind": "class"}, {"_type": "tag", "name": "openPicker", "path": "/home/kavia/workspace/code-generation/tennis-swing-analyzer-230663-230672/tennis_swing_frontend/src/components/UploadCard.js", "pattern": "/^  function openPicker() {$/", "language": "JavaScript", "kind": "function", "signature": "()", "scope": "UploadCard", "scopeKind": "function"}, {"_type": "tag", "name": "styles", "path": "/home/kavia/workspace/code-generation/tennis-swing-analyzer-230663-230672/tennis_swing_frontend/src/components/UploadCard.js", "pattern": "/^            className={styles.fileInput}$/", "language": "JavaScript", "kind": "field", "scope": "className", "scopeKind": "class"}, {"_type": "tag", "name": "styles", "path": "/home/kavia/workspace/code-generation/tennis-swing-analyzer-230663-230672/tennis_swing_frontend/src/components/UploadCard.js", "pattern": "/^            className={styles.primaryBtn}$/", "language": "JavaScript", "kind": "field", "scope": "className", "scopeKind": "class"}, {"_type": "tag", "name": "styles", "path": "/home/kavia/workspace/code-generation/tennis-swing-analyzer-230663-230672/tennis_swing_frontend/src/components/UploadCard.js", "pattern": "/^    <section className={styles.section} aria-labelledby=\"upload-title\">$/", "language": "JavaScript", "kind": "field", "scope": "UploadCard.AnonymousClass7605c3ce0101", "scopeKind": "class"}, {"_type": "tag", "name": "validateAndSetFile", "path": "/home/kavia/workspace/code-generation/tennis-swing-analyzer-230663-230672/tennis_swing_frontend/src/components/UploadCard.js", "pattern": "/^  function validateAndSetFile(next) {$/", "language": "JavaScript", "kind": "function", "signature": "(next)", "scope": "UploadCard", "scopeKind": "function"}], "hash": "be7f48f3b7c72911a9048bb03195e0e5", "format-version": 4, "code-base-name": "tennis_swing_frontend", "filename": "tennis_swing_frontend/src/components/UploadCard.js", "fields": [{"name": "tabIndex={0}", "scope": "UploadCard.tabIndex", "scopeKind": "class", "description": "unavailable"}, {"name": "accept={acceptAttr}", "scope": "accept", "scopeKind": "class", "description": "unavailable"}, {"name": "className={`${styles.dropzone} ${dragActive ? styles.dropzoneActive : \"\"}`}", "scope": "UploadCard.className.${styles.dropzone} ${dragActive ? styles", "scopeKind": "class", "description": "unavailable"}, {"name": "onDragLeave={handleDragLeave}", "scope": "UploadCard.onDragLeave", "scopeKind": "class", "description": "unavailable"}, {"name": "onDragOver={handleDragOver}", "scope": "UploadCard.onDragOver", "scopeKind": "class", "description": "unavailable"}, {"name": "onDrop={handleDrop}", "scope": "UploadCard.onDrop", "scopeKind": "class", "description": "unavailable"}, {"name": "id={inputId}", "scope": "id", "scopeKind": "class", "description": "unavailable"}, {"name": "ref={inputRef}", "scope": "ref", "scopeKind": "class", "description": "unavailable"}, {"name": "onClick={onAnalyze}", "scope": "onClick", "scopeKind": "class", "description": "unavailable"}, {"name": "onChange={onInputChange}", "scope": "onChange", "scopeKind": "class", "description": "unavailable"}, {"name": "onClick={openPicker}", "scope": "UploadCard.onClick", "scopeKind": "class", "description": "unavailable"}, {"name": "className={styles.fileInput}", "scope": "className", "scopeKind": "class", "description": "unavailable"}, {"name": "className={styles.primaryBtn}", "scope": "className", "scopeKind": "class", "description": "unavailable"}, {"name": "<section className={styles.section} aria-labelledby=\"upload-title\">", "scope": "UploadCard.AnonymousClass7605c3ce0101", "scopeKind": "class", "description": "unavailable"}], "revision_history": [{"51": "d57e1fdec0d1991de9a348a3131b558ae3bd9995"}]}