{"is_source_file": true, "format": "JavaScript", "description": "This file sets up custom matchers for Jest testing framework, specifically adding matchers from 'jest-dom' for DOM node assertions. It is used to enhance testing capabilities in the project's frontend testing environment.", "external_files": ["@testing-library/jest-dom"], "external_methods": ["expect(element).toHaveTextContent"], "published": [], "classes": [], "methods": [], "calls": ["import '@testing-library/jest-dom'"], "search-terms": ["setupTests.js", "jest-dom", "custom matchers", "testing-library", "frontend testing"], "state": 2, "file_id": 7, "knowledge_revision": 22, "git_revision": "c23dacc2e5c3465c5ef6fd024de0a19d5ea61ae4", "ctags": [], "hash": "1a77571e1a8cf36018a41bcedf60db75", "format-version": 4, "code-base-name": "tennis_swing_frontend", "filename": "tennis_swing_frontend/src/setupTests.js", "revision_history": [{"22": "c23dacc2e5c3465c5ef6fd024de0a19d5ea61ae4"}]}