{"is_source_file": false, "format": "", "description": "", "external_files": [], "external_methods": [], "published": [], "classes": [], "methods": [], "calls": [], "search-terms": [], "state": 2, "file_id": 6, "knowledge_revision": 39, "git_revision": "d57e1fdec0d1991de9a348a3131b558ae3bd9995", "hash": "6b57b563bde712dd62625caf21400e7d", "format-version": 4, "code-base-name": "tennis_swing_frontend", "filename": "tennis_swing_frontend/src/App.css", "revision_history": [{"39": "d57e1fdec0d1991de9a348a3131b558ae3bd9995"}]}