{"is_source_file": true, "format": "JavaScript", "description": "Utility functions for formatting angle, speed, and file size for UI display.", "external_files": [], "external_methods": [], "published": ["formatAngle", "formatSpeed", "humanFileSize"], "classes": [], "methods": [{"name": "formatAngle(angle)", "description": "Formats an angle value for UI, returning a rounded degree string or '\u2014' if invalid.", "scope": "", "scopeKind": ""}, {"name": "formatSpeed(speed, unit = \"mph\")", "description": "Formats a speed value for UI, with optional units, returning a rounded value or '\u2014' if invalid.", "scope": "", "scopeKind": ""}, {"name": "humanFileSize(bytes)", "description": "Converts a byte count into a human-readable file size string.", "scope": "", "scopeKind": ""}], "calls": ["Number.isFinite", "Math.round", "Math.isFinite"], "search-terms": ["formatAngle", "formatSpeed", "humanFileSize", "UI formatting", "speed formatting", "file size formatting"], "state": 2, "file_id": 15, "knowledge_revision": 44, "git_revision": "d57e1fdec0d1991de9a348a3131b558ae3bd9995", "ctags": [{"_type": "tag", "name": "formatAngle", "path": "/home/kavia/workspace/code-generation/tennis-swing-analyzer-230663-230672/tennis_swing_frontend/src/utils/format.js", "pattern": "/^export function formatAngle(angle) {$/", "language": "JavaScript", "kind": "function", "signature": "(angle)"}, {"_type": "tag", "name": "formatSpeed", "path": "/home/kavia/workspace/code-generation/tennis-swing-analyzer-230663-230672/tennis_swing_frontend/src/utils/format.js", "pattern": "/^export function formatSpeed(speed, unit = \"mph\") {$/", "language": "JavaScript", "kind": "function", "signature": "(speed, unit = \"mph\")"}, {"_type": "tag", "name": "humanFileSize", "path": "/home/kavia/workspace/code-generation/tennis-swing-analyzer-230663-230672/tennis_swing_frontend/src/utils/format.js", "pattern": "/^export function humanFileSize(bytes) {$/", "language": "JavaScript", "kind": "function", "signature": "(bytes)"}], "hash": "cc37bf4f9bc282dc2d61866bba90a899", "format-version": 4, "code-base-name": "tennis_swing_frontend", "filename": "tennis_swing_frontend/src/utils/format.js", "revision_history": [{"44": "d57e1fdec0d1991de9a348a3131b558ae3bd9995"}]}