{"is_source_file": false, "format": "", "description": "", "external_files": [], "external_methods": [], "published": [], "classes": [], "methods": [], "calls": [], "search-terms": ["UploadCard", "CSS styles", "component styles", "file upload UI"], "state": 2, "file_id": 23, "knowledge_revision": 52, "git_revision": "d57e1fdec0d1991de9a348a3131b558ae3bd9995", "hash": "6fa0456b573257f32ec85f5d17765266", "format-version": 4, "code-base-name": "tennis_swing_frontend", "filename": "tennis_swing_frontend/src/components/UploadCard.module.css", "revision_history": [{"52": "d57e1fdec0d1991de9a348a3131b558ae3bd9995"}]}