{"is_source_file": false, "format": "", "description": "", "external_files": [], "external_methods": [], "published": [], "classes": [], "methods": [], "calls": [], "search-terms": [], "state": 2, "file_id": 5, "knowledge_revision": 28, "git_revision": "c23dacc2e5c3465c5ef6fd024de0a19d5ea61ae4", "hash": "3c1129d0cb9585f7b660bdea97d3718a", "format-version": 4, "code-base-name": "tennis_swing_frontend", "filename": "tennis_swing_frontend/src/index.css", "revision_history": [{"28": "c23dacc2e5c3465c5ef6fd024de0a19d5ea61ae4"}]}