{"is_source_file": false, "format": null, "description": "", "external_files": [], "external_methods": [], "published": [], "classes": [], "methods": [], "calls": [], "search-terms": ["CSS", "theme management", ":root", ".App", ".App-header", ".theme-toggle"], "state": 2, "file_id": 6, "knowledge_revision": 18, "git_revision": "c23dacc2e5c3465c5ef6fd024de0a19d5ea61ae4", "hash": "22f9e17cc1848b56dbb244518ac2707e", "format-version": 4, "code-base-name": "tennis_swing_frontend", "filename": "tennis_swing_frontend/src/App.css", "revision_history": [{"18": "c23dacc2e5c3465c5ef6fd024de0a19d5ea61ae4"}]}