{"is_source_file": false, "format": "", "description": "", "external_files": [], "external_methods": [], "published": [], "classes": [], "methods": [], "calls": [], "search-terms": [], "state": 2, "file_id": 12, "knowledge_revision": 21, "git_revision": "c23dacc2e5c3465c5ef6fd024de0a19d5ea61ae4", "hash": "d001d53c059625c4bcf75bf5a7f3fcf0", "format-version": 4, "code-base-name": "tennis_swing_frontend", "filename": "tennis_swing_frontend/package.json", "revision_history": [{"21": "c23dacc2e5c3465c5ef6fd024de0a19d5ea61ae4"}]}