{"is_source_file": false, "format": "", "description": "", "external_files": [], "external_methods": [], "published": [], "classes": [], "methods": [], "calls": [], "search-terms": [], "state": 2, "file_id": 19, "knowledge_revision": 48, "git_revision": "d57e1fdec0d1991de9a348a3131b558ae3bd9995", "hash": "650a77f970b6378147c85a38ea82b3d1", "format-version": 4, "code-base-name": "tennis_swing_frontend", "filename": "tennis_swing_frontend/src/components/VideoPreview.module.css", "revision_history": [{"48": "d57e1fdec0d1991de9a348a3131b558ae3bd9995"}]}