{"is_source_file": false, "format": "", "description": "", "external_files": [], "external_methods": [], "published": [], "classes": [], "methods": [], "calls": [], "search-terms": [], "state": 2, "file_id": 2, "knowledge_revision": 19, "git_revision": "c23dacc2e5c3465c5ef6fd024de0a19d5ea61ae4", "hash": "be6538e7523bc2e9da0743133d784136", "format-version": 4, "code-base-name": "tennis_swing_frontend", "filename": "tennis_swing_frontend/eslint.config.mjs", "revision_history": [{"19": "c23dacc2e5c3465c5ef6fd024de0a19d5ea61ae4"}]}