{"is_source_file": true, "format": "JavaScript (React)", "description": "This file serves as the entry point for a React application, importing core libraries, styles, and the main App component, and rendering the app into the DOM.", "external_files": ["./index.css", "./App"], "external_methods": [], "published": [], "classes": [], "methods": [{"name": "ReactDOM.createRoot", "description": "Creates a root for rendering a React application in the DOM."}, {"name": "root.render", "description": "Renders the React element tree into the specified DOM container."}], "calls": ["ReactDOM.createRoot", "root.render", "React.StrictMode", "<App />"], "search-terms": ["index.js", "ReactDOM", "render", "React.StrictMode", "App"], "state": 2, "file_id": 8, "knowledge_revision": 24, "git_revision": "c23dacc2e5c3465c5ef6fd024de0a19d5ea61ae4", "ctags": [{"_type": "tag", "name": "root", "path": "/home/kavia/workspace/code-generation/tennis-swing-analyzer-230663-230672/tennis_swing_frontend/src/index.js", "pattern": "/^const root = ReactDOM.createRoot(document.getElementById('root'));$/", "language": "JavaScript", "kind": "constant"}], "hash": "9fc5841375336fc175b49f8767a11383", "format-version": 4, "code-base-name": "tennis_swing_frontend", "filename": "tennis_swing_frontend/src/index.js", "revision_history": [{"24": "c23dacc2e5c3465c5ef6fd024de0a19d5ea61ae4"}]}