{"is_source_file": false, "format": "", "description": "", "external_files": [], "external_methods": [], "published": [], "classes": [], "methods": [], "calls": [], "search-terms": [], "state": 2, "file_id": 21, "knowledge_revision": 50, "git_revision": "d57e1fdec0d1991de9a348a3131b558ae3bd9995", "hash": "5ba4b16a5c9a9261ae2fb8a37a38933d", "format-version": 4, "code-base-name": "tennis_swing_frontend", "filename": "tennis_swing_frontend/src/components/ResultsPanel.module.css", "revision_history": [{"50": "d57e1fdec0d1991de9a348a3131b558ae3bd9995"}]}